,winPCT_home,winPCT_away
0,0.695,0.7070000000000001
1,0.7070000000000001,0.695
2,0.695,0.7070000000000001
3,0.695,0.7070000000000001
4,0.7070000000000001,0.695
5,0.7070000000000001,0.695
6,0.7070000000000001,0.732
7,0.732,0.7070000000000001
8,0.7070000000000001,0.732
9,0.6459999999999999,0.695
10,0.7070000000000001,0.732
11,0.6459999999999999,0.695
12,0.732,0.7070000000000001
13,0.695,0.6459999999999999
14,0.732,0.7070000000000001
15,0.695,0.6459999999999999
16,0.659,0.6459999999999999
17,0.7070000000000001,0.622
18,0.6459999999999999,0.695
19,0.622,0.7070000000000001
20,0.6459999999999999,0.659
21,0.732,0.598
22,0.695,0.6459999999999999
23,0.7070000000000001,0.622
24,0.659,0.6459999999999999
25,0.598,0.732
26,0.6459999999999999,0.695
27,0.622,0.7070000000000001
28,0.6459999999999999,0.659
29,0.6459999999999999,0.695
30,0.598,0.732
31,0.6459999999999999,0.659
32,0.622,0.7070000000000001
33,0.659,0.6459999999999999
34,0.732,0.598
35,0.695,0.6459999999999999
36,0.7070000000000001,0.622
37,0.659,0.6459999999999999
38,0.732,0.598
39,0.695,0.6459999999999999
40,0.7070000000000001,0.622
41,0.659,0.585
42,0.585,0.695
43,0.585,0.659
44,0.6459999999999999,0.61
45,0.695,0.585
46,0.7070000000000001,0.512
47,0.622,0.512
48,0.659,0.585
49,0.6459999999999999,0.598
50,0.5,0.732
51,0.61,0.6459999999999999
52,0.585,0.598
53,0.585,0.695
54,0.512,0.7070000000000001
55,0.598,0.6459999999999999
56,0.512,0.622
57,0.585,0.659
58,0.5,0.732
59,0.61,0.6459999999999999
60,0.512,0.7070000000000001
61,0.585,0.598
62,0.598,0.6459999999999999
63,0.512,0.622
64,0.585,0.659
65,0.585,0.695
66,0.598,0.585
67,0.732,0.5
68,0.6459999999999999,0.61
69,0.7070000000000001,0.512
70,0.659,0.585
71,0.6459999999999999,0.598
72,0.622,0.512
73,0.695,0.585
74,0.598,0.585
75,0.6459999999999999,0.598
76,0.732,0.5
77,0.6459999999999999,0.61
78,0.622,0.512
79,0.7070000000000001,0.512
80,0.695,0.585
81,0.659,0.585
82,0.354,0.585
83,0.512,0.476
84,0.476,0.512
85,0.207,0.5
86,0.622,0.268
87,0.402,0.695
88,0.732,0.598
89,0.585,0.402
90,0.659,0.439
91,0.585,0.61
92,0.6459999999999999,0.476
93,0.232,0.481
94,0.494,0.395
95,0.39,0.598
96,0.481,0.617
97,0.272,0.21
98,0.444,0.7070000000000001
99,0.402,0.7040000000000001
100,0.407,0.232
101,0.617,0.654
102,0.593,0.6459999999999999
103,0.451,0.642
104,0.7040000000000001,0.475
105,0.235,0.58
106,0.45,0.588
107,0.488,0.475
108,0.58,0.506
109,0.4,0.4
110,0.654,0.235
111,0.741,0.358
112,0.593,0.506
113,0.2,0.395
114,0.7,0.58
115,0.638,0.6629999999999999
116,0.481,0.407
117,0.457,0.613
118,0.738,0.5
119,0.275,0.625
120,0.468,0.7
121,0.5,0.363
122,0.4,0.575
123,0.588,0.6
124,0.65,0.19
125,0.456,0.481
126,0.5820000000000001,0.494
127,0.392,0.405
128,0.62,0.488
129,0.238,0.4
130,0.6709999999999999,0.633
131,0.696,0.238
132,0.588,0.45
133,0.62,0.747
134,0.494,0.241
135,0.443,0.6920000000000001
136,0.5,0.595
137,0.494,0.192
138,0.405,0.278
139,0.3670000000000001,0.628
140,0.494,0.7090000000000001
141,0.487,0.595
142,0.405,0.462
143,0.397,0.449
144,0.667,0.57
145,0.228,0.615
146,0.6409999999999999,0.397
147,0.595,0.6459999999999999
148,0.5770000000000001,0.449
149,0.5770000000000001,0.359
150,0.487,0.6409999999999999
151,0.688,0.662
152,0.59,0.506
153,0.59,0.494
154,0.5,0.7440000000000001
155,0.195,0.269
156,0.705,0.487
157,0.442,0.636
158,0.403,0.636
159,0.61,0.455
160,0.231,0.244
161,0.364,0.74
162,0.5710000000000001,0.395
163,0.41,0.455
164,0.5710000000000001,0.494
165,0.6709999999999999,0.41
166,0.684,0.461
167,0.603,0.403
168,0.597,0.247
169,0.506,0.584
170,0.636,0.487
171,0.513,0.632
172,0.584,0.494
173,0.184,0.5
174,0.273,0.701
175,0.447,0.645
176,0.221,0.408
177,0.5920000000000001,0.5920000000000001
178,0.355,0.64
179,0.453,0.68
180,0.579,0.68
181,0.605,0.403
182,0.447,0.467
183,0.507,0.487
184,0.64,0.5
185,0.493,0.387
186,0.187,0.6970000000000001
187,0.632,0.6759999999999999
188,0.75,0.5920000000000001
189,0.416,0.493
190,0.579,0.25
191,0.276,0.635
192,0.4,0.6890000000000001
193,0.5870000000000001,0.6
194,0.224,0.408
195,0.6,0.44
196,0.473,0.573
197,0.253,0.5870000000000001
198,0.486,0.493
199,0.693,0.28
200,0.747,0.627
201,0.446,0.6
202,0.408,0.36
203,0.392,0.5
204,0.685,0.5
205,0.446,0.4
206,0.486,0.635
207,0.405,0.581
208,0.595,0.227
209,0.63,0.507
210,0.189,0.595
211,0.743,0.257
212,0.608,0.6809999999999999
213,0.6890000000000001,0.466
214,0.413,0.635
215,0.581,0.581
216,0.685,0.507
217,0.438,0.493
218,0.458,0.589
219,0.405,0.493
220,0.351,0.644
221,0.284,0.589
222,0.397,0.452
223,0.6809999999999999,0.397
224,0.625,0.514
225,0.5,0.23
226,0.479,0.403
227,0.26,0.589
228,0.192,0.69
229,0.6990000000000001,0.589
230,0.63,0.575
231,0.74,0.486
232,0.431,0.514
233,0.451,0.444
234,0.411,0.6859999999999999
235,0.342,0.583
236,0.233,0.521
237,0.493,0.389
238,0.69,0.603
239,0.264,0.736
240,0.472,0.419
241,0.653,0.597
242,0.194,0.5920000000000001
243,0.288,0.417
244,0.408,0.625
245,0.583,0.493
246,0.583,0.708
247,0.62,0.394
248,0.443,0.648
249,0.333,0.634
250,0.746,0.4370000000000001
251,0.451,0.6859999999999999
252,0.486,0.507
253,0.583,0.611
254,0.254,0.514
255,0.423,0.586
256,0.606,0.6809999999999999
257,0.7040000000000001,0.197
258,0.5920000000000001,0.486
259,0.5920000000000001,0.6809999999999999
260,0.4,0.425
261,0.236,0.278
262,0.614,0.62
263,0.2,0.443
264,0.478,0.449
265,0.743,0.643
266,0.522,0.7
267,0.465,0.338
268,0.493,0.268
269,0.629,0.457
270,0.5770000000000001,0.5
271,0.614,0.343
272,0.429,0.4
273,0.417,0.239
274,0.406,0.243
275,0.6,0.691
276,0.586,0.609
277,0.6759999999999999,0.629
278,0.58,0.507
279,0.515,0.449
280,0.638,0.485
281,0.42,0.456
282,0.471,0.754
283,0.623,0.229
284,0.423,0.618
285,0.58,0.188
286,0.5710000000000001,0.271
287,0.638,0.609
288,0.457,0.246
289,0.609,0.493
290,0.71,0.456
291,0.574,0.464
292,0.672,0.397
293,0.426,0.449
294,0.618,0.514
295,0.478,0.507
296,0.348,0.406
297,0.618,0.687
298,0.232,0.5670000000000001
299,0.632,0.191
300,0.632,0.25
301,0.275,0.463
302,0.429,0.75
303,0.403,0.574
304,0.667,0.471
305,0.565,0.612
306,0.254,0.706
307,0.418,0.5
308,0.522,0.515
309,0.627,0.448
310,0.561,0.612
311,0.574,0.603
312,0.523,0.279
313,0.47,0.716
314,0.627,0.627
315,0.338,0.435
316,0.412,0.456
317,0.409,0.621
318,0.478,0.194
319,0.5670000000000001,0.746
320,0.682,0.235
321,0.197,0.508
322,0.328,0.515
323,0.47,0.409
324,0.455,0.612
325,0.758,0.455
326,0.606,0.224
327,0.462,0.415
328,0.463,0.415
329,0.477,0.242
330,0.284,0.516
331,0.615,0.621
332,0.403,0.569
333,0.441,0.7120000000000001
334,0.6920000000000001,0.662
335,0.5670000000000001,0.606
336,0.754,0.636
337,0.6,0.615
338,0.453,0.469
339,0.508,0.462
340,0.422,0.422
341,0.333,0.561
342,0.507,0.246
343,0.288,0.631
344,0.448,0.578
345,0.227,0.2
346,0.5,0.606
347,0.462,0.672
348,0.6459999999999999,0.277
349,0.6409999999999999,0.455
350,0.708,0.609
351,0.394,0.609
352,0.469,0.609
353,0.688,0.6
354,0.5,0.429
355,0.46,0.338
356,0.5539999999999999,0.667
357,0.215,0.75
358,0.5710000000000001,0.455
359,0.508,0.203
360,0.469,0.561
361,0.46,0.619
362,0.594,0.603
363,0.281,0.344
364,0.5539999999999999,0.206
365,0.25,0.462
366,0.5,0.7190000000000001
367,0.413,0.46
368,0.619,0.385
369,0.238,0.4920000000000001
370,0.6409999999999999,0.469
371,0.452,0.4920000000000001
372,0.635,0.698
373,0.435,0.391
374,0.547,0.613
375,0.677,0.446
376,0.203,0.476
377,0.581,0.762
378,0.333,0.286
379,0.5,0.468
380,0.73,0.613
381,0.603,0.403
382,0.19,0.438
383,0.5,0.547
384,0.484,0.774
385,0.6509999999999999,0.468
386,0.46,0.6940000000000001
387,0.21,0.242
388,0.597,0.443
389,0.623,0.645
390,0.6890000000000001,0.574
391,0.459,0.59
392,0.339,0.475
393,0.508,0.41
394,0.45,0.705
395,0.597,0.623
396,0.381,0.274
397,0.54,0.483
398,0.443,0.645
399,0.5670000000000001,0.54
400,0.508,0.77
401,0.4920000000000001,0.429
402,0.213,0.452
403,0.726,0.607
404,0.7,0.633
405,0.467,0.7170000000000001
406,0.23,0.617
407,0.4920000000000001,0.6559999999999999
408,0.516,0.532
409,0.441,0.194
410,0.262,0.767
411,0.583,0.328
412,0.387,0.483
413,0.483,0.517
414,0.435,0.639
415,0.5479999999999999,0.433
416,0.721,0.459
417,0.695,0.541
418,0.2,0.541
419,0.633,0.61
420,0.333,0.18
421,0.475,0.508
422,0.233,0.377
423,0.4,0.667
424,0.443,0.4920000000000001
425,0.448,0.483
426,0.267,0.617
427,0.644,0.525
428,0.763,0.475
429,0.7120000000000001,0.5760000000000001
430,0.5589999999999999,0.441
431,0.483,0.407
432,0.6609999999999999,0.433
433,0.45,0.254
434,0.733,0.55
435,0.322,0.474
436,0.186,0.483
437,0.383,0.55
438,0.448,0.69
439,0.655,0.552
440,0.22,0.183
441,0.644,0.456
442,0.5,0.603
443,0.759,0.627
444,0.7240000000000001,0.517
445,0.5,0.569
446,0.458,0.474
447,0.328,0.19
448,0.441,0.649
449,0.207,0.508
450,0.655,0.754
451,0.638,0.464
452,0.175,0.638
453,0.7290000000000001,0.414
454,0.241,0.39
455,0.474,0.579
456,0.456,0.464
457,0.684,0.526
458,0.596,0.7190000000000001
459,0.542,0.186
460,0.333,0.491
461,0.632,0.632
462,0.397,0.5589999999999999
463,0.431,0.448
464,0.732,0.561
465,0.211,0.179
466,0.473,0.421
467,0.667,0.482
468,0.7240000000000001,0.5
469,0.228,0.75
470,0.589,0.464
471,0.464,0.534
472,0.6609999999999999,0.589
473,0.679,0.455
474,0.473,0.6
475,0.643,0.5
476,0.536,0.19
477,0.321,0.439
478,0.727,0.463
479,0.5710000000000001,0.552
480,0.6609999999999999,0.196
481,0.327,0.491
482,0.182,0.7190000000000001
483,0.625,0.544
484,0.232,0.429
485,0.404,0.439
486,0.5820000000000001,0.655
487,0.745,0.429
488,0.463,0.185
489,0.636,0.6729999999999999
490,0.418,0.2
491,0.509,0.236
492,0.463,0.759
493,0.193,0.722
494,0.446,0.455
495,0.527,0.472
496,0.655,0.536
497,0.418,0.463
498,0.333,0.7140000000000001
499,0.636,0.509
500,0.648,0.393
501,0.611,0.561
502,0.518,0.685
503,0.222,0.436
504,0.755,0.407
505,0.472,0.481
506,0.564,0.196
507,0.519,0.593
508,0.7170000000000001,0.5710000000000001
509,0.491,0.545
510,0.204,0.648
511,0.648,0.5
512,0.189,0.453
513,0.63,0.7090000000000001
514,0.4,0.472
515,0.642,0.407
516,0.604,0.481
517,0.442,0.698
518,0.415,0.34
519,0.509,0.75
520,0.426,0.642
521,0.2,0.585
522,0.528,0.5820000000000001
523,0.192,0.389
524,0.642,0.635
525,0.7040000000000001,0.537
526,0.431,0.547
527,0.5,0.226
528,0.415,0.519
529,0.423,0.745
530,0.208,0.462
531,0.471,0.635
532,0.593,0.434
533,0.7120000000000001,0.509
534,0.481,0.7120000000000001
535,0.204,0.327
536,0.556,0.5770000000000001
537,0.519,0.642
538,0.49,0.377
539,0.196,0.635
540,0.48,0.647
541,0.5660000000000001,0.314
542,0.706,0.569
543,0.44,0.451
544,0.404,0.627
545,0.698,0.74
546,0.585,0.528
547,0.706,0.654
548,0.5379999999999999,0.519
549,0.627,0.48
550,0.49,0.231
551,0.2,0.46
552,0.431,0.64
553,0.49,0.385
554,0.442,0.7
555,0.51,0.32
556,0.615,0.5579999999999999
557,0.212,0.42
558,0.429,0.735
559,0.392,0.64
560,0.5379999999999999,0.216
561,0.58,0.451
562,0.5770000000000001,0.208
563,0.51,0.647
564,0.49,0.204
565,0.653,0.72
566,0.62,0.529
567,0.392,0.6940000000000001
568,0.5489999999999999,0.327
569,0.22,0.196
570,0.56,0.5
571,0.633,0.7290000000000001
572,0.5920000000000001,0.4
573,0.449,0.7120000000000001
574,0.48,0.569
575,0.569,0.429
576,0.208,0.5
577,0.52,0.212
578,0.44,0.56
579,0.4,0.667
580,0.612,0.7140000000000001
581,0.688,0.64
582,0.608,0.313
583,0.408,0.438
584,0.54,0.213
585,0.18,0.489
586,0.224,0.551
587,0.583,0.706
588,0.388,0.51
589,0.458,0.438
590,0.745,0.479
591,0.6809999999999999,0.216
592,0.56,0.49
593,0.426,0.708
594,0.625,0.449
595,0.22,0.6
596,0.51,0.5
597,0.6809999999999999,0.72
598,0.625,0.184
599,0.531,0.417
600,0.478,0.542
601,0.217,0.574
602,0.653,0.551
603,0.229,0.319
604,0.396,0.489
605,0.458,0.447
606,0.551,0.674
607,0.735,0.5
608,0.617,0.5920000000000001
609,0.447,0.532
610,0.224,0.489
611,0.222,0.609
612,0.188,0.234
613,0.435,0.435
614,0.7390000000000001,0.435
615,0.304,0.426
616,0.521,0.511
617,0.404,0.468
618,0.617,0.489
619,0.6459999999999999,0.565
620,0.542,0.604
621,0.521,0.7020000000000001
622,0.674,0.478
623,0.478,0.229
624,0.563,0.5429999999999999
625,0.638,0.6
626,0.489,0.234
627,0.444,0.522
628,0.667,0.444
629,0.413,0.733
630,0.311,0.609
631,0.7290000000000001,0.413
632,0.217,0.5
633,0.578,0.532
634,0.6890000000000001,0.191
635,0.6,0.422
636,0.455,0.488
637,0.422,0.511
638,0.467,0.574
639,0.5529999999999999,0.196
640,0.5329999999999999,0.696
641,0.596,0.457
642,0.422,0.227
643,0.477,0.511
644,0.659,0.652
645,0.723,0.239
646,0.682,0.222
647,0.591,0.5429999999999999
648,0.442,0.4320000000000001
649,0.591,0.7170000000000001
650,0.568,0.5
651,0.4320000000000001,0.727
652,0.455,0.565
653,0.5870000000000001,0.2
654,0.6890000000000001,0.467
655,0.545,0.5429999999999999
656,0.674,0.244
657,0.644,0.477
658,0.318,0.605
659,0.721,0.5
660,0.674,0.682
661,0.5329999999999999,0.227
662,0.489,0.581
663,0.581,0.442
664,0.556,0.465
665,0.5329999999999999,0.429
666,0.523,0.578
667,0.5579999999999999,0.477
668,0.233,0.636
669,0.409,0.733
670,0.302,0.7140000000000001
671,0.442,0.5710000000000001
672,0.465,0.674
673,0.69,0.591
674,0.523,0.205
675,0.5710000000000001,0.439
676,0.512,0.452
677,0.429,0.595
678,0.488,0.465
679,0.619,0.568
680,0.25,0.6829999999999999
681,0.512,0.452
682,0.523,0.233
683,0.628,0.31
684,0.419,0.7070000000000001
685,0.238,0.667
686,0.727,0.477
687,0.585,0.186
688,0.476,0.476
689,0.512,0.535
690,0.605,0.463
691,0.667,0.238
692,0.5,0.61
693,0.7,0.585
694,0.581,0.61
695,0.5,0.425
696,0.625,0.659
697,0.405,0.643
698,0.488,0.293
699,0.575,0.725
700,0.463,0.5710000000000001
701,0.476,0.19
702,0.463,0.233
703,0.5,0.415
704,0.595,0.244
705,0.5479999999999999,0.436
706,0.195,0.675
707,0.659,0.39
708,0.487,0.6920000000000001
709,0.721,0.3
710,0.625,0.488
711,0.238,0.488
712,0.659,0.244
713,0.6,0.475
714,0.447,0.585
715,0.615,0.476
716,0.59,0.684
717,0.718,0.488
718,0.463,0.45
719,0.45,0.537
720,0.585,0.25
721,0.5,0.425
722,0.25,0.488
723,0.475,0.525
724,0.59,0.436
725,0.308,0.5
726,0.6409999999999999,0.4
727,0.7140000000000001,0.667
728,0.22,0.487
729,0.703,0.474
730,0.459,0.5
731,0.65,0.462
732,0.2,0.45
733,0.711,0.7070000000000001
734,0.575,0.462
735,0.575,0.579
736,0.487,0.65
737,0.205,0.487
738,0.605,0.474
739,0.514,0.385
740,0.256,0.684
741,0.474,0.475
742,0.462,0.447
743,0.73,0.289
744,0.225,0.579
745,0.5379999999999999,0.256
746,0.564,0.6579999999999999
747,0.564,0.7
748,0.5,0.6940000000000001
749,0.6409999999999999,0.595
750,0.486,0.486
751,0.211,0.5
752,0.395,0.297
753,0.462,0.436
754,0.595,0.447
755,0.263,0.459
756,0.486,0.472
757,0.231,0.6409999999999999
758,0.5529999999999999,0.649
759,0.718,0.474
760,0.722,0.457
761,0.6859999999999999,0.237
762,0.514,0.579
763,0.568,0.632
764,0.6759999999999999,0.306
765,0.5,0.444
766,0.583,0.5
767,0.5529999999999999,0.583
768,0.447,0.459
769,0.639,0.472
770,0.237,0.6579999999999999
771,0.457,0.471
772,0.486,0.472
773,0.711,0.27
774,0.486,0.629
775,0.568,0.622
776,0.568,0.528
777,0.7140000000000001,0.447
778,0.4320000000000001,0.5710000000000001
779,0.378,0.486
780,0.314,0.216
781,0.514,0.6
782,0.486,0.243
783,0.243,0.6759999999999999
784,0.556,0.649
785,0.583,0.541
786,0.5,0.459
787,0.667,0.485
788,0.441,0.703
789,0.361,0.278
790,0.5,0.222
791,0.457,0.294
792,0.444,0.471
793,0.667,0.528
794,0.25,0.647
795,0.556,0.6
796,0.5589999999999999,0.588
797,0.706,0.25
798,0.5429999999999999,0.5710000000000001
799,0.472,0.639
800,0.639,0.5710000000000001
801,0.5,0.371
802,0.424,0.257
803,0.273,0.657
804,0.472,0.485
805,0.485,0.722
806,0.257,0.471
807,0.529,0.229
808,0.485,0.429
809,0.5429999999999999,0.6559999999999999
810,0.588,0.529
811,0.257,0.6970000000000001
812,0.545,0.636
813,0.606,0.629
814,0.657,0.588
815,0.486,0.5589999999999999
816,0.484,0.281
817,0.647,0.382
818,0.594,0.5
819,0.457,0.235
820,0.235,0.265
821,0.438,0.5
822,0.545,0.441
823,0.6559999999999999,0.455
824,0.6759999999999999,0.5760000000000001
825,0.5760000000000001,0.469
826,0.5760000000000001,0.515
827,0.594,0.677
828,0.394,0.242
829,0.647,0.7140000000000001
830,0.484,0.688
831,0.531,0.529
832,0.667,0.484
833,0.471,0.677
834,0.516,0.5
835,0.735,0.242
836,0.441,0.636
837,0.265,0.258
838,0.581,0.71
839,0.242,0.452
840,0.545,0.438
841,0.563,0.485
842,0.531,0.5
843,0.594,0.455
844,0.467,0.516
845,0.581,0.5
846,0.5,0.25
847,0.467,0.531
848,0.636,0.273
849,0.6,0.25
850,0.727,0.625
851,0.219,0.455
852,0.5329999999999999,0.375
853,0.7,0.469
854,0.452,0.517
855,0.469,0.6559999999999999
856,0.581,0.516
857,0.516,0.667
858,0.645,0.258
859,0.233,0.387
860,0.438,0.581
861,0.7,0.517
862,0.5,0.69
863,0.281,0.226
864,0.517,0.452
865,0.467,0.5329999999999999
866,0.655,0.226
867,0.516,0.625
868,0.677,0.5329999999999999
869,0.5670000000000001,0.5670000000000001
870,0.419,0.207
871,0.233,0.645
872,0.667,0.29
873,0.4,0.6
874,0.536,0.552
875,0.484,0.448
876,0.69,0.7190000000000001
877,0.483,0.467
878,0.483,0.621
879,0.519,0.621
880,0.552,0.5
881,0.5,0.233
882,0.643,0.586
883,0.2,0.448
884,0.643,0.214
885,0.5,0.3
886,0.4,0.379
887,0.241,0.679
888,0.633,0.655
889,0.5710000000000001,0.429
890,0.679,0.63
891,0.552,0.742
892,0.536,0.667
893,0.481,0.607
894,0.517,0.607
895,0.464,0.207
896,0.172,0.556
897,0.519,0.5
898,0.25,0.276
899,0.643,0.667
900,0.655,0.379
901,0.393,0.63
902,0.593,0.536
903,0.5,0.654
904,0.5770000000000001,0.222
905,0.483,0.407
906,0.556,0.464
907,0.655,0.767
908,0.462,0.556
909,0.5,0.143
910,0.63,0.759
911,0.63,0.407
912,0.679,0.52
913,0.615,0.483
914,0.214,0.5379999999999999
915,0.6920000000000001,0.222
916,0.68,0.464
917,0.56,0.444
918,0.667,0.5770000000000001
919,0.148,0.654
920,0.679,0.481
921,0.63,0.423
922,0.542,0.5
923,0.75,0.68
924,0.481,0.481
925,0.286,0.5
926,0.542,0.44
927,0.615,0.52
928,0.231,0.654
929,0.231,0.423
930,0.296,0.357
931,0.222,0.6
932,0.6,0.615
933,0.5770000000000001,0.5
934,0.64,0.44
935,0.48,0.68
936,0.565,0.667
937,0.462,0.6
938,0.333,0.778
939,0.2,0.542
940,0.231,0.667
941,0.481,0.625
942,0.462,0.6
943,0.154,0.417
944,0.667,0.667
945,0.583,0.308
946,0.56,0.16
947,0.5,0.458
948,0.208,0.654
949,0.48,0.708
950,0.2,0.44
951,0.308,0.696
952,0.8079999999999999,0.654
953,0.609,0.667
954,0.696,0.591
955,0.52,0.458
956,0.5,0.522
957,0.625,0.44
958,0.583,0.2
959,0.391,0.5
960,0.545,0.542
961,0.1669999999999999,0.522
962,0.48,0.458
963,0.619,0.682
964,0.208,0.64
965,0.32,0.217
966,0.32,0.417
967,0.8,0.696
968,0.5,0.478
969,0.48,0.696
970,0.609,0.174
971,0.478,0.5
972,0.409,0.458
973,0.68,0.591
974,0.524,0.682
975,0.478,0.565
976,0.333,0.682
977,0.65,0.625
978,0.391,0.333
979,0.182,0.833
980,0.5,0.208
981,0.478,0.565
982,0.5,0.565
983,0.545,0.19
984,0.5,0.478
985,0.632,0.217
986,0.667,0.364
987,0.348,0.619
988,0.381,0.478
989,0.667,0.217
990,0.455,0.476
991,0.182,0.478
992,0.591,0.5
993,0.591,0.682
994,0.826,0.652
995,0.5710000000000001,0.591
996,0.476,0.7140000000000001
997,0.524,0.227
998,0.652,0.304
999,0.364,0.455
1000,0.45,0.526
1001,0.7140000000000001,0.227
1002,0.5,0.476
1003,0.5,0.381
1004,0.65,0.2
1005,0.619,0.455
1006,0.7,0.19
1007,0.611,0.318
1008,0.35,0.238
1009,0.6,0.818
1010,0.667,0.55
1011,0.2,0.619
1012,0.5,0.7
1013,0.211,0.476
1014,0.4,0.474
1015,0.238,0.5
1016,0.476,0.524
1017,0.429,0.6
1018,0.682,0.476
1019,0.579,0.5
1020,0.588,0.211
1021,0.2,0.474
1022,0.381,0.636
1023,0.81,0.368
1024,0.632,0.333
1025,0.5,0.45
1026,0.6,0.684
1027,0.222,0.5
1028,0.368,0.5
1029,0.45,0.25
1030,0.632,0.65
1031,0.5,0.5
1032,0.737,0.474
1033,0.667,0.526
1034,0.4,0.421
1035,0.667,0.667
1036,0.563,0.529
1037,0.158,0.526
1038,0.3,0.526
1039,0.619,0.176
1040,0.8,0.333
1041,0.579,0.5
1042,0.263,0.389
1043,0.667,0.5
1044,0.722,0.222
1045,0.632,0.474
1046,0.65,0.632
1047,0.611,0.421
1048,0.529,0.611
1049,0.65,0.556
1050,0.1669999999999999,0.789
1051,0.5,0.263
1052,0.125,0.588
1053,0.278,0.176
1054,0.563,0.5329999999999999
1055,0.765,0.667
1056,0.389,0.611
1057,0.471,0.421
1058,0.471,0.706
1059,0.444,0.556
1060,0.632,0.647
1061,0.5,0.778
1062,0.353,0.647
1063,0.353,0.444
1064,0.222,0.706
1065,0.5,0.529
1066,0.5710000000000001,0.133
1067,0.647,0.471
1068,0.632,0.188
1069,0.176,0.688
1070,0.688,0.438
1071,0.75,0.588
1072,0.588,0.5
1073,0.529,0.625
1074,0.412,0.667
1075,0.375,0.563
1076,0.529,0.235
1077,0.313,0.688
1078,0.5329999999999999,0.667
1079,0.412,0.667
1080,0.467,0.611
1081,0.625,0.188
1082,0.5,0.5329999999999999
1083,0.563,0.625
1084,0.563,0.5
1085,0.235,0.765
1086,0.5329999999999999,0.5
1087,0.467,0.706
1088,0.2,0.667
1089,0.6,0.75
1090,0.6,0.4
1091,0.588,0.467
1092,0.333,0.438
1093,0.643,0.5329999999999999
1094,0.438,0.667
1095,0.5329999999999999,0.25
1096,0.733,0.25
1097,0.5,0.75
1098,0.667,0.2
1099,0.643,0.5
1100,0.467,0.563
1101,0.357,0.143
1102,0.5710000000000001,0.267
1103,0.4,0.429
1104,0.8,0.5379999999999999
1105,0.7140000000000001,0.615
1106,0.4,0.5
1107,0.643,0.267
1108,0.429,0.5
1109,0.214,0.5379999999999999
1110,0.5710000000000001,0.7140000000000001
1111,0.154,0.5
1112,0.643,0.462
1113,0.8,0.214
1114,0.308,0.429
1115,0.385,0.6
1116,0.857,0.5379999999999999
1117,0.286,0.385
1118,0.583,0.5379999999999999
1119,0.357,0.429
1120,0.615,0.154
1121,0.5710000000000001,0.583
1122,0.615,0.7859999999999999
1123,0.5,0.5379999999999999
1124,0.417,0.5710000000000001
1125,0.286,0.462
1126,0.6920000000000001,0.769
1127,0.769,0.5379999999999999
1128,0.5379999999999999,0.231
1129,0.923,0.308
1130,0.583,0.75
1131,0.5,0.1669999999999999
1132,0.417,0.25
1133,0.308,0.083
1134,0.636,0.5710000000000001
1135,0.636,0.364
1136,0.846,0.462
1137,0.333,0.583
1138,0.5379999999999999,0.5
1139,0.417,0.182
1140,0.615,0.5
1141,0.25,0.545
1142,0.455,0.615
1143,0.75,0.5
1144,0.5,0.583
1145,0.583,0.308
1146,0.636,0.4
1147,0.182,0.636
1148,0.75,0.545
1149,0.833,0.818
1150,0.091,0.6
1151,0.364,0.5
1152,0.273,0.333
1153,0.5,0.6
1154,0.583,0.583
1155,0.6,0.818
1156,0.455,0.25
1157,0.455,0.273
1158,0.545,0.917
1159,0.455,0.333
1160,0.545,0.3
1161,0.3,0.2
1162,0.2,0.455
1163,0.727,0.8
1164,0.444,0.444
1165,0.636,0.444
1166,0.4,0.1
1167,0.273,0.273
1168,0.556,0.4
1169,0.9,0.6
1170,0.4,0.909
1171,0.909,0.556
1172,0.6,0.364
1173,0.889,0.6
1174,0.4,0.545
1175,0.222,0.3
1176,0.667,0.333
1177,0.222,0.625
1178,0.7,0.4
1179,0.4,0.9
1180,0.6,0.5
1181,0.5,0.111
1182,0.7,0.667
1183,0.333,0.375
1184,0.2,0.375
1185,0.75,0.444
1186,0.889,0.444
1187,0.667,0.444
1188,0.25,0.556
1189,0.333,0.286
1190,0.125,0.5
1191,0.222,0.667
1192,0.222,0.333
1193,0.5,0.7140000000000001
1194,0.125,0.889
1195,0.9,0.444
1196,0.444,0.429
1197,0.125,0.875
1198,0.556,0.5
1199,0.25,0.667
1200,0.75,0.875
1201,0.75,0.5
1202,0.375,0.5710000000000001
1203,0.25,0.625
1204,0.25,0.857
1205,0.5,0.5710000000000001
1206,0.889,0.5710000000000001
1207,0.375,0.25
1208,0.143,0.7140000000000001
1209,0.5,0.429
1210,0.143,0.286
1211,0.286,0.625
1212,0.7140000000000001,0.667
1213,0.875,0.5
1214,0.1669999999999999,0.7140000000000001
1215,0.667,0.143
1216,0.333,0.5710000000000001
1217,0.5710000000000001,0.667
1218,0.5710000000000001,0.333
1219,0.5,0.5710000000000001
1220,0.286,0.286
1221,0.286,0.875
1222,1.0,0.857
1223,0.429,0.286
1224,0.667,0.286
1225,0.833,0.667
1226,0.333,0.857
1227,0.333,0.667
1228,0.2,0.1669999999999999
1229,0.667,0.1669999999999999
1230,0.8,0.667
1231,0.8,0.6
1232,0.4,0.333
1233,0.0,0.667
1234,0.5,0.429
1235,0.6,0.6
1236,0.6,0.2
1237,1.0,0.333
1238,0.6,0.333
1239,0.5,0.2
1240,0.1669999999999999,0.833
1241,1.0,0.4
1242,0.2,0.6
1243,0.333,1.0
1244,1.0,0.4
1245,0.5,0.2
1246,1.0,0.0
1247,0.4,0.75
1248,0.0,0.6
1249,0.4,0.8
1250,0.5,0.5
1251,0.0,0.5
1252,0.5,0.2
1253,1.0,0.4
1254,0.25,0.4
1255,0.25,0.5
1256,0.5,0.6
1257,1.0,0.4
1258,0.25,0.25
1259,0.4,0.5
1260,0.8,0.25
1261,1.0,0.5
1262,1.0,0.5
1263,1.0,0.25
1264,0.5,0.5
1265,1.0,0.5
1266,1.0,0.25
1267,0.5,0.5
1268,0.667,0.0
1269,0.333,0.667
1270,0.667,0.333
1271,0.75,0.333
1272,0.0,0.667
1273,0.0,0.333
1274,0.0,0.333
1275,1.0,0.667
1276,0.667,0.333
1277,0.667,0.333
1278,0.0,1.0
1279,0.333,0.667
1280,0.667,0.333
1281,0.333,0.667
1282,0.0,1.0
1283,0.5,0.333
1284,1.0,0.5
1285,1.0,0.5
1286,0.0,0.5
1287,0.5,0.5
1288,0.5,0.5
1289,1.0,0.5
1290,0.5,0.0
1291,0.5,0.0
1292,1.0,0.0
1293,1.0,0.5
1294,0.5,1.0
1295,0.5,0.0
1296,0.5,0.0
1297,0.0,0.5
1298,1.0,0.0
1299,0.0,1.0
1300,1.0,0.0
1301,1.0,0.0
1302,1.0,0.0
1303,1.0,0.0
1304,1.0,0.0
1305,0.0,1.0
1306,1.0,0.0
1307,0.0,1.0
1308,0.0,1.0
1309,1.0,0.0
1310,1.0,0.0
1311,1.0,0.0
1312,0.4,0.6
1313,0.5,0.8
1314,0.5,0.4
1315,0.6,0.5
1316,0.5,0.4
1317,0.4,0.8
1318,0.4,0.8
1319,0.75,0.2
1320,0.6,0.333
1321,0.2,0.5
1322,0.0,0.8
1323,0.4,1.0
1324,0.25,0.75
1325,0.5,0.5
1326,0.75,0.333
1327,0.5,0.5
1328,0.4,0.0
1329,0.5,0.5
1330,0.5,0.4
1331,0.4,0.25
1332,0.75,0.667
1333,1.0,0.75
1334,0.75,0.667
1335,0.75,0.333
1336,0.667,0.667
1337,0.333,0.5
1338,0.25,0.333
1339,0.75,0.667
1340,0.333,0.5
1341,0.667,0.333
1342,0.667,0.667
1343,0.25,1.0
1344,0.333,1.0
1345,1.0,0.25
1346,0.667,0.5
1347,0.25,1.0
1348,0.5,1.0
1349,0.5,0.0
1350,1.0,0.0
1351,0.5,0.5
1352,0.333,0.5
1353,1.0,0.5
1354,0.333,0.5
1355,0.5,0.333
1356,0.5,1.0
1357,0.333,0.5
1358,0.0,1.0
1359,1.0,0.5
1360,0.0,1.0
1361,1.0,0.5
1362,0.667,0.0
1363,0.333,1.0
1364,1.0,0.0
1365,1.0,0.5
1366,0.0,1.0
1367,1.0,0.0
1368,0.0,1.0
1369,1.0,0.0
1370,0.0,1.0
1371,1.0,0.0
1372,0.5,0.5
1373,1.0,0.0
1374,0.0,1.0
1375,1.0,0.0
1376,0.0,1.0
1377,1.0,0.0
1378,0.61,0.7070000000000001
1379,0.61,0.7070000000000001
1380,0.7070000000000001,0.61
1381,0.7070000000000001,0.61
1382,0.7929999999999999,0.7070000000000001
1383,0.6709999999999999,0.61
1384,0.7070000000000001,0.7929999999999999
1385,0.61,0.6709999999999999
1386,0.7929999999999999,0.7070000000000001
1387,0.6709999999999999,0.61
1388,0.7070000000000001,0.7929999999999999
1389,0.61,0.6709999999999999
1390,0.7070000000000001,0.7929999999999999
1391,0.61,0.6709999999999999
1392,0.7929999999999999,0.7070000000000001
1393,0.6709999999999999,0.61
1394,0.7929999999999999,0.7070000000000001
1395,0.6709999999999999,0.61
1396,0.6709999999999999,0.634
1397,0.7929999999999999,0.585
1398,0.7070000000000001,0.585
1399,0.634,0.6709999999999999
1400,0.61,0.72
1401,0.585,0.7070000000000001
1402,0.585,0.7929999999999999
1403,0.634,0.6709999999999999
1404,0.61,0.72
1405,0.585,0.7070000000000001
1406,0.585,0.7929999999999999
1407,0.72,0.61
1408,0.6709999999999999,0.634
1409,0.7929999999999999,0.585
1410,0.72,0.61
1411,0.7070000000000001,0.585
1412,0.6709999999999999,0.634
1413,0.61,0.585
1414,0.7929999999999999,0.585
1415,0.6709999999999999,0.537
1416,0.7070000000000001,0.585
1417,0.524,0.72
1418,0.585,0.61
1419,0.585,0.585
1420,0.537,0.6709999999999999
1421,0.72,0.524
1422,0.61,0.585
1423,0.7929999999999999,0.573
1424,0.585,0.585
1425,0.6709999999999999,0.537
1426,0.634,0.537
1427,0.7070000000000001,0.573
1428,0.573,0.7929999999999999
1429,0.585,0.585
1430,0.537,0.6709999999999999
1431,0.573,0.7070000000000001
1432,0.524,0.72
1433,0.585,0.61
1434,0.537,0.634
1435,0.585,0.598
1436,0.573,0.7929999999999999
1437,0.585,0.585
1438,0.585,0.61
1439,0.524,0.72
1440,0.537,0.6709999999999999
1441,0.537,0.634
1442,0.585,0.598
1443,0.573,0.7070000000000001
1444,0.61,0.585
1445,0.585,0.585
1446,0.7929999999999999,0.573
1447,0.72,0.524
1448,0.6709999999999999,0.537
1449,0.598,0.585
1450,0.634,0.537
1451,0.7070000000000001,0.573
1452,0.6709999999999999,0.537
1453,0.61,0.585
1454,0.585,0.585
1455,0.7929999999999999,0.573
1456,0.7070000000000001,0.573
1457,0.72,0.524
1458,0.634,0.537
1459,0.598,0.585
1460,0.6709999999999999,0.341
1461,0.61,0.354
1462,0.537,0.72
1463,0.305,0.524
1464,0.634,0.537
1465,0.329,0.476
1466,0.573,0.561
1467,0.585,0.573
1468,0.585,0.268
1469,0.512,0.4270000000000001
1470,0.598,0.585
1471,0.329,0.7929999999999999
1472,0.585,0.439
1473,0.293,0.63
1474,0.531,0.667
1475,0.293,0.256
1476,0.593,0.7070000000000001
1477,0.42,0.802
1478,0.469,0.728
1479,0.346,0.333
1480,0.531,0.58
1481,0.346,0.617
1482,0.5429999999999999,0.296
1483,0.568,0.272
1484,0.58,0.321
1485,0.568,0.593
1486,0.519,0.58
1487,0.4320000000000001,0.593
1488,0.625,0.296
1489,0.675,0.296
1490,0.275,0.475
1491,0.725,0.3
1492,0.425,0.588
1493,0.247,0.716
1494,0.525,0.563
1495,0.35,0.5379999999999999
1496,0.338,0.338
1497,0.8,0.575
1498,0.713,0.575
1499,0.575,0.6
1500,0.481,0.3
1501,0.304,0.438
1502,0.62,0.613
1503,0.525,0.288
1504,0.684,0.342
1505,0.354,0.5379999999999999
1506,0.722,0.588
1507,0.266,0.325
1508,0.25,0.57
1509,0.43,0.563
1510,0.595,0.722
1511,0.62,0.532
1512,0.81,0.608
1513,0.532,0.329
1514,0.5820000000000001,0.532
1515,0.557,0.557
1516,0.474,0.615
1517,0.308,0.304
1518,0.278,0.544
1519,0.718,0.679
1520,0.564,0.269
1521,0.436,0.57
1522,0.615,0.7140000000000001
1523,0.61,0.321
1524,0.5379999999999999,0.282
1525,0.346,0.299
1526,0.346,0.43
1527,0.8079999999999999,0.5379999999999999
1528,0.5379999999999999,0.688
1529,0.57,0.731
1530,0.308,0.615
1531,0.551,0.59
1532,0.5770000000000001,0.429
1533,0.253,0.316
1534,0.5379999999999999,0.5770000000000001
1535,0.436,0.605
1536,0.338,0.545
1537,0.584,0.805
1538,0.532,0.597
1539,0.286,0.289
1540,0.325,0.481
1541,0.61,0.299
1542,0.5579999999999999,0.5770000000000001
1543,0.564,0.5710000000000001
1544,0.545,0.532
1545,0.727,0.244
1546,0.623,0.273
1547,0.434,0.321
1548,0.5529999999999999,0.442
1549,0.351,0.474
1550,0.6970000000000001,0.7240000000000001
1551,0.532,0.329
1552,0.312,0.7240000000000001
1553,0.293,0.329
1554,0.276,0.6
1555,0.605,0.5660000000000001
1556,0.816,0.247
1557,0.5710000000000001,0.539
1558,0.303,0.5710000000000001
1559,0.5660000000000001,0.276
1560,0.44,0.539
1561,0.618,0.539
1562,0.467,0.547
1563,0.539,0.32
1564,0.579,0.579
1565,0.316,0.5920000000000001
1566,0.72,0.5329999999999999
1567,0.447,0.6
1568,0.297,0.32
1569,0.595,0.355
1570,0.28,0.613
1571,0.5660000000000001,0.28
1572,0.56,0.693
1573,0.25,0.547
1574,0.446,0.307
1575,0.5539999999999999,0.573
1576,0.733,0.5329999999999999
1577,0.5329999999999999,0.595
1578,0.813,0.324
1579,0.573,0.622
1580,0.32,0.311
1581,0.73,0.5870000000000001
1582,0.541,0.527
1583,0.453,0.36
1584,0.459,0.438
1585,0.589,0.541
1586,0.56,0.27
1587,0.253,0.6890000000000001
1588,0.311,0.603
1589,0.534,0.581
1590,0.581,0.527
1591,0.73,0.534
1592,0.5479999999999999,0.365
1593,0.324,0.685
1594,0.5870000000000001,0.616
1595,0.8109999999999999,0.284
1596,0.74,0.568
1597,0.583,0.568
1598,0.452,0.329
1599,0.301,0.257
1600,0.8079999999999999,0.581
1601,0.26,0.444
1602,0.301,0.446
1603,0.575,0.528
1604,0.556,0.5479999999999999
1605,0.597,0.26
1606,0.356,0.575
1607,0.74,0.315
1608,0.333,0.528
1609,0.595,0.534
1610,0.589,0.562
1611,0.611,0.6809999999999999
1612,0.75,0.288
1613,0.438,0.264
1614,0.292,0.5770000000000001
1615,0.8059999999999999,0.444
1616,0.589,0.4370000000000001
1617,0.306,0.569
1618,0.329,0.292
1619,0.5920000000000001,0.736
1620,0.5710000000000001,0.268
1621,0.319,0.431
1622,0.542,0.361
1623,0.583,0.569
1624,0.338,0.542
1625,0.521,0.535
1626,0.583,0.563
1627,0.296,0.746
1628,0.6759999999999999,0.589
1629,0.569,0.529
1630,0.5770000000000001,0.31
1631,0.563,0.296
1632,0.264,0.451
1633,0.62,0.8029999999999999
1634,0.586,0.529
1635,0.5770000000000001,0.443
1636,0.565,0.423
1637,0.324,0.271
1638,0.535,0.535
1639,0.366,0.343
1640,0.5770000000000001,0.746
1641,0.319,0.443
1642,0.743,0.597
1643,0.5710000000000001,0.6709999999999999
1644,0.563,0.8
1645,0.536,0.629
1646,0.536,0.286
1647,0.5710000000000001,0.5710000000000001
1648,0.565,0.797
1649,0.314,0.314
1650,0.357,0.429
1651,0.348,0.58
1652,0.275,0.5429999999999999
1653,0.5710000000000001,0.5710000000000001
1654,0.5710000000000001,0.324
1655,0.268,0.757
1656,0.623,0.435
1657,0.3,0.6809999999999999
1658,0.5589999999999999,0.304
1659,0.754,0.319
1660,0.5920000000000001,0.544
1661,0.754,0.329
1662,0.449,0.529
1663,0.58,0.75
1664,0.29,0.435
1665,0.348,0.552
1666,0.794,0.552
1667,0.265,0.353
1668,0.565,0.574
1669,0.551,0.441
1670,0.565,0.271
1671,0.618,0.574
1672,0.304,0.529
1673,0.6759999999999999,0.565
1674,0.319,0.522
1675,0.765,0.456
1676,0.545,0.588
1677,0.5589999999999999,0.58
1678,0.294,0.586
1679,0.309,0.746
1680,0.353,0.324
1681,0.343,0.561
1682,0.5820000000000001,0.426
1683,0.5589999999999999,0.294
1684,0.5589999999999999,0.448
1685,0.275,0.5820000000000001
1686,0.463,0.544
1687,0.7909999999999999,0.552
1688,0.269,0.537
1689,0.58,0.309
1690,0.612,0.529
1691,0.358,0.742
1692,0.299,0.348
1693,0.574,0.7609999999999999
1694,0.5760000000000001,0.552
1695,0.552,0.313
1696,0.313,0.7879999999999999
1697,0.687,0.5820000000000001
1698,0.313,0.5539999999999999
1699,0.455,0.5760000000000001
1700,0.433,0.279
1701,0.537,0.5670000000000001
1702,0.318,0.273
1703,0.574,0.561
1704,0.5539999999999999,0.299
1705,0.455,0.338
1706,0.5760000000000001,0.303
1707,0.738,0.785
1708,0.277,0.545
1709,0.53,0.364
1710,0.585,0.5760000000000001
1711,0.545,0.446
1712,0.606,0.773
1713,0.318,0.303
1714,0.547,0.585
1715,0.424,0.318
1716,0.53,0.547
1717,0.5670000000000001,0.6970000000000001
1718,0.5670000000000001,0.284
1719,0.785,0.569
1720,0.569,0.5379999999999999
1721,0.446,0.7340000000000001
1722,0.344,0.281
1723,0.523,0.797
1724,0.308,0.594
1725,0.5379999999999999,0.594
1726,0.453,0.308
1727,0.431,0.556
1728,0.73,0.308
1729,0.569,0.523
1730,0.561,0.794
1731,0.308,0.547
1732,0.6,0.369
1733,0.7809999999999999,0.308
1734,0.54,0.5870000000000001
1735,0.5870000000000001,0.453
1736,0.578,0.531
1737,0.531,0.288
1738,0.333,0.6920000000000001
1739,0.578,0.286
1740,0.531,0.313
1741,0.444,0.594
1742,0.313,0.292
1743,0.726,0.438
1744,0.563,0.5710000000000001
1745,0.297,0.581
1746,0.54,0.5479999999999999
1747,0.5479999999999999,0.313
1748,0.313,0.375
1749,0.317,0.29
1750,0.581,0.556
1751,0.524,0.46
1752,0.79,0.688
1753,0.5710000000000001,0.452
1754,0.5870000000000001,0.569
1755,0.302,0.524
1756,0.306,0.468
1757,0.557,0.444
1758,0.302,0.778
1759,0.5710000000000001,0.721
1760,0.339,0.302
1761,0.295,0.5479999999999999
1762,0.532,0.565
1763,0.297,0.578
1764,0.516,0.5760000000000001
1765,0.541,0.381
1766,0.516,0.443
1767,0.59,0.55
1768,0.306,0.317
1769,0.581,0.585
1770,0.475,0.541
1771,0.295,0.7170000000000001
1772,0.306,0.557
1773,0.698,0.452
1774,0.581,0.774
1775,0.3,0.302
1776,0.306,0.5710000000000001
1777,0.581,0.574
1778,0.5329999999999999,0.787
1779,0.459,0.328
1780,0.6,0.3229999999999999
1781,0.525,0.542
1782,0.55,0.59
1783,0.574,0.295
1784,0.541,0.542
1785,0.295,0.433
1786,0.6940000000000001,0.305
1787,0.328,0.333
1788,0.387,0.77
1789,0.7120000000000001,0.467
1790,0.5670000000000001,0.29
1791,0.565,0.3
1792,0.311,0.5670000000000001
1793,0.508,0.7829999999999999
1794,0.3,0.594
1795,0.45,0.475
1796,0.5589999999999999,0.5589999999999999
1797,0.593,0.59
1798,0.583,0.552
1799,0.55,0.78
1800,0.561,0.305
1801,0.517,0.31
1802,0.393,0.6890000000000001
1803,0.767,0.557
1804,0.5870000000000001,0.339
1805,0.295,0.5670000000000001
1806,0.517,0.3
1807,0.305,0.424
1808,0.483,0.6829999999999999
1809,0.5760000000000001,0.3
1810,0.5760000000000001,0.441
1811,0.7070000000000001,0.569
1812,0.7759999999999999,0.581
1813,0.316,0.603
1814,0.552,0.508
1815,0.5589999999999999,0.583
1816,0.3,0.534
1817,0.508,0.5589999999999999
1818,0.414,0.305
1819,0.431,0.317
1820,0.31,0.4
1821,0.596,0.586
1822,0.345,0.5539999999999999
1823,0.31,0.5670000000000001
1824,0.763,0.526
1825,0.561,0.552
1826,0.59,0.404
1827,0.491,0.305
1828,0.316,0.421
1829,0.545,0.517
1830,0.322,0.569
1831,0.39,0.579
1832,0.6779999999999999,0.536
1833,0.351,0.7190000000000001
1834,0.772,0.316
1835,0.321,0.5589999999999999
1836,0.544,0.411
1837,0.517,0.305
1838,0.552,0.759
1839,0.7140000000000001,0.526
1840,0.5710000000000001,0.31
1841,0.583,0.768
1842,0.552,0.607
1843,0.31,0.321
1844,0.544,0.593
1845,0.482,0.536
1846,0.537,0.397
1847,0.328,0.527
1848,0.357,0.321
1849,0.509,0.603
1850,0.772,0.31
1851,0.411,0.7090000000000001
1852,0.316,0.491
1853,0.69,0.6
1854,0.561,0.404
1855,0.764,0.316
1856,0.593,0.309
1857,0.561,0.327
1858,0.544,0.5
1859,0.333,0.527
1860,0.327,0.564
1861,0.528,0.519
1862,0.345,0.5710000000000001
1863,0.321,0.418
1864,0.768,0.614
1865,0.316,0.536
1866,0.5,0.528
1867,0.519,0.519
1868,0.304,0.593
1869,0.7020000000000001,0.5539999999999999
1870,0.536,0.556
1871,0.759,0.527
1872,0.491,0.418
1873,0.352,0.586
1874,0.315,0.5539999999999999
1875,0.333,0.309
1876,0.7040000000000001,0.411
1877,0.564,0.7140000000000001
1878,0.545,0.426
1879,0.764,0.309
1880,0.426,0.5539999999999999
1881,0.509,0.339
1882,0.527,0.755
1883,0.585,0.596
1884,0.333,0.481
1885,0.321,0.625
1886,0.321,0.5770000000000001
1887,0.698,0.7090000000000001
1888,0.315,0.34
1889,0.345,0.75
1890,0.418,0.5660000000000001
1891,0.51,0.574
1892,0.759,0.564
1893,0.415,0.327
1894,0.5,0.537
1895,0.545,0.585
1896,0.537,0.308
1897,0.528,0.472
1898,0.537,0.434
1899,0.321,0.34
1900,0.519,0.315
1901,0.722,0.547
1902,0.352,0.5579999999999999
1903,0.426,0.302
1904,0.6920000000000001,0.346
1905,0.556,0.404
1906,0.333,0.442
1907,0.51,0.346
1908,0.49,0.547
1909,0.556,0.5
1910,0.294,0.5770000000000001
1911,0.588,0.745
1912,0.607,0.5379999999999999
1913,0.618,0.462
1914,0.528,0.774
1915,0.308,0.321
1916,0.431,0.547
1917,0.7170000000000001,0.288
1918,0.358,0.392
1919,0.6859999999999999,0.5579999999999999
1920,0.51,0.5579999999999999
1921,0.5489999999999999,0.434
1922,0.5660000000000001,0.5489999999999999
1923,0.34,0.451
1924,0.314,0.7879999999999999
1925,0.48,0.353
1926,0.569,0.68
1927,0.6,0.54
1928,0.63,0.74
1929,0.519,0.5770000000000001
1930,0.5579999999999999,0.36
1931,0.3,0.38
1932,0.294,0.42
1933,0.365,0.5
1934,0.6,0.569
1935,0.7120000000000001,0.442
1936,0.569,0.353
1937,0.346,0.308
1938,0.56,0.588
1939,0.451,0.353
1940,0.6940000000000001,0.593
1941,0.469,0.5920000000000001
1942,0.735,0.286
1943,0.54,0.32
1944,0.642,0.51
1945,0.44,0.784
1946,0.5,0.56
1947,0.5489999999999999,0.408
1948,0.3,0.604
1949,0.3670000000000001,0.333
1950,0.551,0.511
1951,0.314,0.58
1952,0.52,0.706
1953,0.36,0.542
1954,0.7290000000000001,0.34
1955,0.551,0.51
1956,0.604,0.458
1957,0.688,0.388
1958,0.6,0.522
1959,0.635,0.306
1960,0.468,0.5920000000000001
1961,0.54,0.292
1962,0.286,0.551
1963,0.5710000000000001,0.417
1964,0.8,0.7
1965,0.615,0.36
1966,0.531,0.32
1967,0.426,0.292
1968,0.596,0.531
1969,0.6809999999999999,0.429
1970,0.3670000000000001,0.396
1971,0.354,0.5
1972,0.532,0.3670000000000001
1973,0.563,0.723
1974,0.327,0.551
1975,0.627,0.5329999999999999
1976,0.347,0.44
1977,0.563,0.313
1978,0.583,0.542
1979,0.521,0.429
1980,0.7959999999999999,0.608
1981,0.413,0.5529999999999999
1982,0.478,0.417
1983,0.542,0.354
1984,0.523,0.375
1985,0.298,0.696
1986,0.333,0.7390000000000001
1987,0.362,0.64
1988,0.542,0.62
1989,0.489,0.7140000000000001
1990,0.298,0.298
1991,0.574,0.375
1992,0.633,0.5870000000000001
1993,0.792,0.438
1994,0.383,0.708
1995,0.422,0.283
1996,0.304,0.404
1997,0.733,0.574
1998,0.37,0.512
1999,0.522,0.362
2000,0.5429999999999999,0.383
2001,0.34,0.5529999999999999
2002,0.511,0.532
2003,0.5,0.633
2004,0.723,0.304
2005,0.37,0.447
2006,0.489,0.383
2007,0.625,0.532
2008,0.6,0.565
2009,0.289,0.391
2010,0.409,0.5870000000000001
2011,0.5329999999999999,0.356
2012,0.524,0.511
2013,0.727,0.787
2014,0.625,0.6890000000000001
2015,0.413,0.511
2016,0.5429999999999999,0.326
2017,0.705,0.638
2018,0.37,0.578
2019,0.5,0.565
2020,0.364,0.289
2021,0.5,0.37
2022,0.4,0.457
2023,0.356,0.522
2024,0.7390000000000001,0.512
2025,0.614,0.289
2026,0.721,0.617
2027,0.5329999999999999,0.5329999999999999
2028,0.419,0.556
2029,0.295,0.523
2030,0.356,0.652
2031,0.698,0.512
2032,0.378,0.804
2033,0.349,0.444
2034,0.523,0.591
2035,0.556,0.341
2036,0.295,0.409
2037,0.523,0.511
2038,0.295,0.63
2039,0.7559999999999999,0.535
2040,0.523,0.333
2041,0.523,0.356
2042,0.524,0.405
2043,0.5,0.69
2044,0.568,0.535
2045,0.279,0.644
2046,0.364,0.455
2047,0.386,0.581
2048,0.333,0.349
2049,0.545,0.302
2050,0.605,0.8
2051,0.395,0.545
2052,0.512,0.7140000000000001
2053,0.595,0.524
2054,0.442,0.524
2055,0.364,0.535
2056,0.644,0.512
2057,0.341,0.357
2058,0.5,0.31
2059,0.39,0.535
2060,0.581,0.3720000000000001
2061,0.7070000000000001,0.795
2062,0.3720000000000001,0.537
2063,0.659,0.512
2064,0.4,0.405
2065,0.524,0.619
2066,0.5710000000000001,0.279
2067,0.262,0.381
2068,0.537,0.7909999999999999
2069,0.636,0.452
2070,0.512,0.524
2071,0.524,0.317
2072,0.3720000000000001,0.732
2073,0.487,0.773
2074,0.725,0.634
2075,0.317,0.488
2076,0.341,0.6509999999999999
2077,0.385,0.349
2078,0.512,0.585
2079,0.561,0.415
2080,0.366,0.55
2081,0.463,0.357
2082,0.725,0.537
2083,0.325,0.5
2084,0.55,0.286
2085,0.628,0.524
2086,0.512,0.268
2087,0.7859999999999999,0.475
2088,0.718,0.575
2089,0.537,0.55
2090,0.333,0.293
2091,0.325,0.325
2092,0.525,0.5379999999999999
2093,0.375,0.737
2094,0.341,0.718
2095,0.619,0.65
2096,0.513,0.5379999999999999
2097,0.333,0.667
2098,0.805,0.525
2099,0.462,0.25
2100,0.564,0.4
2101,0.317,0.475
2102,0.381,0.55
2103,0.5379999999999999,0.659
2104,0.308,0.256
2105,0.447,0.8
2106,0.385,0.767
2107,0.5529999999999999,0.711
2108,0.513,0.35
2109,0.3,0.667
2110,0.575,0.5529999999999999
2111,0.61,0.5
2112,0.342,0.5379999999999999
2113,0.5,0.541
2114,0.762,0.6
2115,0.5529999999999999,0.462
2116,0.541,0.73
2117,0.325,0.359
2118,0.675,0.366
2119,0.5529999999999999,0.41
2120,0.308,0.59
2121,0.526,0.263
2122,0.289,0.395
2123,0.73,0.795
2124,0.459,0.564
2125,0.308,0.75
2126,0.486,0.667
2127,0.579,0.474
2128,0.395,0.615
2129,0.541,0.556
2130,0.7559999999999999,0.6579999999999999
2131,0.342,0.722
2132,0.556,0.5
2133,0.333,0.789
2134,0.541,0.375
2135,0.421,0.514
2136,0.297,0.5529999999999999
2137,0.6759999999999999,0.514
2138,0.486,0.684
2139,0.385,0.27
2140,0.324,0.378
2141,0.472,0.316
2142,0.378,0.316
2143,0.7140000000000001,0.5429999999999999
2144,0.351,0.528
2145,0.632,0.306
2146,0.568,0.361
2147,0.514,0.622
2148,0.75,0.361
2149,0.743,0.314
2150,0.541,0.342
2151,0.457,0.361
2152,0.333,0.324
2153,0.368,0.472
2154,0.5710000000000001,0.6759999999999999
2155,0.324,0.528
2156,0.5,0.5
2157,0.278,0.514
2158,0.4320000000000001,0.667
2159,0.784,0.306
2160,0.528,0.457
2161,0.556,0.735
2162,0.706,0.257
2163,0.514,0.371
2164,0.371,0.528
2165,0.514,0.324
2166,0.556,0.5589999999999999
2167,0.343,0.378
2168,0.778,0.371
2169,0.324,0.441
2170,0.333,0.5589999999999999
2171,0.7440000000000001,0.758
2172,0.545,0.611
2173,0.6940000000000001,0.486
2174,0.529,0.441
2175,0.353,0.737
2176,0.5429999999999999,0.306
2177,0.265,0.5429999999999999
2178,0.353,0.5
2179,0.629,0.5429999999999999
2180,0.529,0.353
2181,0.5710000000000001,0.6970000000000001
2182,0.353,0.6859999999999999
2183,0.8,0.417
2184,0.333,0.314
2185,0.5760000000000001,0.5589999999999999
2186,0.286,0.7190000000000001
2187,0.529,0.314
2188,0.531,0.333
2189,0.6859999999999999,0.364
2190,0.5589999999999999,0.429
2191,0.361,0.294
2192,0.424,0.333
2193,0.515,0.455
2194,0.794,0.706
2195,0.73,0.5589999999999999
2196,0.5589999999999999,0.7809999999999999
2197,0.344,0.618
2198,0.742,0.438
2199,0.364,0.5479999999999999
2200,0.5760000000000001,0.375
2201,0.545,0.324
2202,0.242,0.265
2203,0.75,0.313
2204,0.515,0.515
2205,0.303,0.406
2206,0.441,0.545
2207,0.7879999999999999,0.545
2208,0.343,0.606
2209,0.355,0.515
2210,0.344,0.6759999999999999
2211,0.563,0.531
2212,0.333,0.5
2213,0.387,0.531
2214,0.531,0.273
2215,0.8059999999999999,0.419
2216,0.5670000000000001,0.344
2217,0.531,0.219
2218,0.5,0.531
2219,0.813,0.3670000000000001
2220,0.727,0.3229999999999999
2221,0.452,0.733
2222,0.5479999999999999,0.743
2223,0.353,0.281
2224,0.455,0.667
2225,0.355,0.7240000000000001
2226,0.226,0.563
2227,0.765,0.516
2228,0.3670000000000001,0.355
2229,0.333,0.344
2230,0.833,0.379
2231,0.516,0.438
2232,0.281,0.5479999999999999
2233,0.516,0.594
2234,0.516,0.688
2235,0.8059999999999999,0.29
2236,0.4,0.333
2237,0.467,0.333
2238,0.5479999999999999,0.484
2239,0.552,0.7190000000000001
2240,0.3670000000000001,0.5329999999999999
2241,0.5479999999999999,0.7879999999999999
2242,0.233,0.5
2243,0.31,0.483
2244,0.862,0.452
2245,0.581,0.5329999999999999
2246,0.5,0.5329999999999999
2247,0.258,0.344
2248,0.677,0.379
2249,0.357,0.8
2250,0.7140000000000001,0.31
2251,0.5670000000000001,0.355
2252,0.379,0.5670000000000001
2253,0.5329999999999999,0.742
2254,0.345,0.552
2255,0.733,0.467
2256,0.552,0.483
2257,0.517,0.393
2258,0.857,0.536
2259,0.5670000000000001,0.3229999999999999
2260,0.667,0.267
2261,0.3,0.7809999999999999
2262,0.357,0.5
2263,0.552,0.552
2264,0.3670000000000001,0.536
2265,0.5,0.5
2266,0.552,0.407
2267,0.774,0.483
2268,0.7040000000000001,0.393
2269,0.31,0.207
2270,0.556,0.286
2271,0.552,0.5
2272,0.852,0.655
2273,0.214,0.536
2274,0.407,0.536
2275,0.7240000000000001,0.37
2276,0.586,0.321
2277,0.7929999999999999,0.276
2278,0.5710000000000001,0.481
2279,0.379,0.423
2280,0.536,0.286
2281,0.8,0.536
2282,0.481,0.519
2283,0.259,0.464
2284,0.517,0.5770000000000001
2285,0.3,0.6920000000000001
2286,0.846,0.37
2287,0.7140000000000001,0.222
2288,0.519,0.556
2289,0.519,0.385
2290,0.423,0.519
2291,0.286,0.679
2292,0.5710000000000001,0.519
2293,0.333,0.31
2294,0.231,0.7929999999999999
2295,0.84,0.5
2296,0.296,0.5
2297,0.462,0.385
2298,0.7859999999999999,0.5
2299,0.4,0.68
2300,0.308,0.708
2301,0.5379999999999999,0.821
2302,0.593,0.5379999999999999
2303,0.593,0.259
2304,0.519,0.5
2305,0.5,0.231
2306,0.375,0.5379999999999999
2307,0.4,0.48
2308,0.36,0.4
2309,0.24,0.393
2310,0.7040000000000001,0.52
2311,0.2,0.48
2312,0.6,0.481
2313,0.308,0.48
2314,0.321,0.7040000000000001
2315,0.52,0.833
2316,0.375,0.1669999999999999
2317,0.56,0.778
2318,0.5770000000000001,0.6920000000000001
2319,0.407,0.56
2320,0.32,0.696
2321,0.583,0.269
2322,0.5,0.32
2323,0.6920000000000001,0.815
2324,0.542,0.375
2325,0.333,0.56
2326,0.417,0.458
2327,0.5,0.826
2328,0.72,0.292
2329,0.56,0.13
2330,0.423,0.208
2331,0.846,0.28
2332,0.5,0.333
2333,0.391,0.769
2334,0.565,0.583
2335,0.52,0.542
2336,0.68,0.458
2337,0.348,0.5770000000000001
2338,0.682,0.346
2339,0.478,0.52
2340,0.542,0.542
2341,0.409,0.4
2342,0.542,0.478
2343,0.565,0.36
2344,0.217,0.391
2345,0.84,0.545
2346,0.136,0.708
2347,0.348,0.56
2348,0.5,0.76
2349,0.292,0.565
2350,0.667,0.609
2351,0.542,0.522
2352,0.5,0.417
2353,0.478,0.75
2354,0.583,0.364
2355,0.455,0.652
2356,0.348,0.818
2357,0.833,0.333
2358,0.261,0.381
2359,0.364,0.227
2360,0.696,0.318
2361,0.591,0.636
2362,0.5710000000000001,0.304
2363,0.591,0.364
2364,0.565,0.522
2365,0.391,0.7390000000000001
2366,0.545,0.667
2367,0.667,0.522
2368,0.5,0.381
2369,0.143,0.318
2370,0.333,0.682
2371,0.429,0.565
2372,0.522,0.5
2373,0.19,0.682
2374,0.826,0.5710000000000001
2375,0.5710000000000001,0.15
2376,0.591,0.55
2377,0.4,0.5
2378,0.7,0.348
2379,0.409,0.4
2380,0.6,0.524
2381,0.524,0.476
2382,0.65,0.4
2383,0.81,0.545
2384,0.524,0.591
2385,0.227,0.381
2386,0.667,0.35
2387,0.381,0.727
2388,0.667,0.5
2389,0.158,0.364
2390,0.5710000000000001,0.55
2391,0.476,0.55
2392,0.286,0.526
2393,0.5710000000000001,0.381
2394,0.579,0.65
2395,0.818,0.684
2396,0.5,0.619
2397,0.8,0.35
2398,0.65,0.238
2399,0.7140000000000001,0.3
2400,0.421,0.4
2401,0.1669999999999999,0.526
2402,0.6,0.333
2403,0.368,0.368
2404,0.421,0.632
2405,0.611,0.4
2406,0.526,0.6
2407,0.2,0.632
2408,0.55,0.857
2409,0.789,0.526
2410,0.25,0.421
2411,0.75,0.55
2412,0.45,0.5
2413,0.263,0.389
2414,0.333,0.579
2415,0.211,0.556
2416,0.85,0.421
2417,0.632,0.444
2418,0.579,0.611
2419,0.579,0.5
2420,0.444,0.667
2421,0.579,0.389
2422,0.35,0.579
2423,0.737,0.176
2424,0.471,0.556
2425,0.611,0.353
2426,0.588,0.556
2427,0.1669999999999999,0.353
2428,0.471,0.8420000000000001
2429,0.588,0.647
2430,0.778,0.556
2431,0.412,0.211
2432,0.611,0.444
2433,0.556,0.611
2434,0.471,0.722
2435,0.368,0.529
2436,0.421,0.188
2437,0.278,0.421
2438,0.444,0.2
2439,0.438,0.588
2440,0.647,0.588
2441,0.471,0.556
2442,0.563,0.389
2443,0.563,0.313
2444,0.438,0.588
2445,0.5,0.588
2446,0.529,0.438
2447,0.1669999999999999,0.889
2448,0.647,0.176
2449,0.235,0.588
2450,0.688,0.563
2451,0.438,0.529
2452,0.375,0.765
2453,0.625,0.688
2454,0.389,0.214
2455,0.412,0.563
2456,0.4,0.333
2457,0.5,0.412
2458,0.188,0.882
2459,0.5329999999999999,0.75
2460,0.467,0.765
2461,0.176,0.5329999999999999
2462,0.563,0.25
2463,0.5,0.667
2464,0.6,0.467
2465,0.4,0.375
2466,0.563,0.357
2467,0.667,0.5329999999999999
2468,0.231,0.357
2469,0.625,0.467
2470,0.125,0.667
2471,0.267,0.5329999999999999
2472,0.6,0.5
2473,0.375,0.353
2474,0.875,0.733
2475,0.313,0.75
2476,0.2,0.214
2477,0.429,0.643
2478,0.5710000000000001,0.4
2479,0.385,0.5329999999999999
2480,0.5,0.467
2481,0.5710000000000001,0.7140000000000001
2482,0.643,0.6
2483,0.5329999999999999,0.643
2484,0.5,0.1669999999999999
2485,0.5710000000000001,0.5329999999999999
2486,0.4,0.5710000000000001
2487,0.357,0.867
2488,0.733,0.615
2489,0.133,0.643
2490,0.615,0.231
2491,0.5379999999999999,0.5
2492,0.5379999999999999,0.5379999999999999
2493,0.5710000000000001,0.143
2494,0.333,0.429
2495,0.429,0.615
2496,0.5379999999999999,0.5710000000000001
2497,0.7859999999999999,0.5710000000000001
2498,0.385,0.5379999999999999
2499,0.857,0.583
2500,0.769,0.462
2501,0.429,0.7859999999999999
2502,0.462,0.143
2503,0.583,0.154
2504,0.5379999999999999,0.417
2505,0.583,0.25
2506,0.769,0.583
2507,0.154,0.462
2508,0.5,0.385
2509,0.615,0.182
2510,0.769,0.5
2511,0.615,0.615
2512,0.357,0.583
2513,0.462,0.385
2514,0.75,0.1669999999999999
2515,0.846,0.417
2516,0.2,0.462
2517,0.417,0.455
2518,0.583,0.455
2519,0.308,0.667
2520,0.417,0.5
2521,0.5,0.417
2522,0.545,0.417
2523,0.636,0.5
2524,0.75,0.417
2525,0.273,0.545
2526,0.583,0.364
2527,0.727,0.417
2528,0.636,0.545
2529,0.833,0.455
2530,0.333,0.455
2531,0.75,0.636
2532,0.455,0.4
2533,0.455,0.545
2534,0.5,0.1669999999999999
2535,0.6,0.455
2536,0.6,0.222
2537,0.636,0.5
2538,0.545,0.364
2539,0.455,0.6
2540,0.545,0.636
2541,0.2,0.4
2542,0.182,0.818
2543,0.364,0.4
2544,0.727,0.4
2545,0.4,0.2
2546,0.556,0.444
2547,0.6,0.8
2548,0.556,0.556
2549,0.727,0.5
2550,0.6,0.4
2551,0.556,0.5
2552,0.7,0.5
2553,0.6,0.444
2554,0.5,0.6
2555,0.625,0.667
2556,0.7,0.111
2557,0.25,0.5
2558,0.667,0.091
2559,0.5,0.7
2560,0.667,0.444
2561,0.667,0.286
2562,0.556,0.556
2563,0.5,0.444
2564,0.111,0.7
2565,0.5,0.444
2566,0.1,0.444
2567,0.556,0.556
2568,0.556,0.375
2569,0.556,0.625
2570,0.5,0.778
2571,0.444,0.333
2572,0.5,0.667
2573,0.556,0.375
2574,0.625,0.5
2575,0.375,0.625
2576,0.5,0.125
2577,0.5710000000000001,0.5
2578,0.75,0.125
2579,0.429,0.1669999999999999
2580,0.429,0.667
2581,0.625,0.75
2582,0.375,0.625
2583,0.5,0.5710000000000001
2584,0.625,0.5
2585,0.7140000000000001,0.111
2586,0.5710000000000001,0.143
2587,0.375,0.429
2588,0.5710000000000001,0.5710000000000001
2589,0.429,0.625
2590,0.7140000000000001,0.5710000000000001
2591,0.333,0.5710000000000001
2592,0.5,0.429
2593,0.625,0.429
2594,0.7140000000000001,0.5710000000000001
2595,0.429,0.7140000000000001
2596,0.5710000000000001,0.125
2597,0.5710000000000001,0.667
2598,0.667,0.625
2599,0.143,0.667
2600,0.5,0.667
2601,0.429,0.5
2602,0.5,0.667
2603,0.1669999999999999,0.667
2604,0.429,0.4
2605,0.5710000000000001,0.7140000000000001
2606,0.5,0.5
2607,0.4,0.667
2608,0.2,0.5
2609,0.833,0.7140000000000001
2610,0.143,0.333
2611,0.5,0.333
2612,0.667,0.333
2613,0.8,0.667
2614,0.4,0.833
2615,0.8,0.8
2616,0.1669999999999999,0.4
2617,0.25,0.5
2618,0.5,0.4
2619,0.667,0.6
2620,0.4,0.6
2621,0.25,0.2
2622,0.8,0.1669999999999999
2623,0.6,0.6
2624,0.6,1.0
2625,0.2,0.4
2626,0.5,0.25
2627,0.6,0.4
2628,0.2,0.8
2629,0.6,0.6
2630,0.5,1.0
2631,0.5,0.4
2632,0.2,0.75
2633,0.4,0.4
2634,0.6,0.5
2635,0.5,0.75
2636,0.75,0.0
2637,0.75,0.5
2638,0.5,0.0
2639,0.5,0.5
2640,0.75,0.25
2641,1.0,0.5
2642,0.5,0.25
2643,0.667,0.25
2644,0.75,1.0
2645,0.75,0.333
2646,0.0,0.5
2647,1.0,0.667
2648,0.333,1.0
2649,0.25,0.25
2650,0.667,0.333
2651,0.333,0.667
2652,0.333,0.333
2653,1.0,0.0
2654,0.667,0.667
2655,0.5,0.333
2656,0.0,0.667
2657,0.0,1.0
2658,1.0,0.0
2659,1.0,0.333
2660,0.667,0.667
2661,0.5,0.333
2662,0.667,0.5
2663,1.0,0.0
2664,0.5,0.5
2665,0.5,1.0
2666,0.0,0.333
2667,1.0,0.5
2668,0.5,1.0
2669,0.5,0.5
2670,0.5,0.5
2671,0.0,0.5
2672,0.0,0.5
2673,0.0,0.5
2674,1.0,0.0
2675,1.0,0.0
2676,0.0,1.0
2677,1.0,0.0
2678,1.0,0.0
2679,1.0,0.0
2680,1.0,0.0
2681,0.0,1.0
2682,1.0,0.0
2683,0.0,1.0
2684,1.0,0.0
2685,1.0,0.0
2686,0.0,1.0
2687,0.0,1.0
2688,1.0,0.0
2689,0.0,1.0
2690,0.4,0.667
2691,0.5,0.2
2692,0.0,0.8
2693,0.5,0.6
2694,0.6,0.25
2695,0.8,0.6
2696,0.4,0.5
2697,0.25,0.4
2698,0.5,0.1669999999999999
2699,0.4,0.333
2700,0.4,0.8
2701,0.5,0.2
2702,0.25,1.0
2703,0.75,0.25
2704,0.6,0.75
2705,0.5,1.0
2706,0.25,0.8
2707,0.5,0.5
2708,0.0,0.6
2709,0.5,0.6
2710,0.6,0.75
2711,0.2,1.0
2712,0.667,0.667
2713,1.0,0.0
2714,0.0,1.0
2715,0.5,0.667
2716,0.5,0.333
2717,0.75,0.5
2718,0.333,1.0
2719,0.25,0.75
2720,0.667,0.333
2721,1.0,0.0
2722,0.333,0.667
2723,0.667,0.75
2724,0.5,0.333
2725,1.0,0.0
2726,0.25,0.333
2727,0.667,0.333
2728,0.0,1.0
2729,1.0,0.0
2730,0.5,0.333
2731,0.0,1.0
2732,0.667,0.0
2733,0.5,0.0
2734,0.5,0.5
2735,1.0,0.5
2736,0.0,1.0
2737,0.5,0.667
2738,1.0,0.5
2739,0.5,0.333
2740,0.5,0.5
2741,0.0,1.0
2742,0.0,0.5
2743,0.0,0.5
2744,0.0,1.0
2745,1.0,0.5
2746,0.0,1.0
2747,0.0,1.0
2748,0.0,1.0
2749,0.0,1.0
2750,0.0,1.0
2751,1.0,0.0
2752,1.0,0.0
2753,1.0,0.0
2754,1.0,0.0
2755,0.0,1.0
2756,1.0,0.0
2757,1.0,0.0
2758,0.0,1.0
2759,0.0,1.0
